﻿<?xml version="1.0" encoding="utf-8" ?>
<Response>
  <Head>
    <ServerTime>2013-12-01T14:00:00</ServerTime>
    <ResponseType>GetCities</ResponseType>
  </Head>
  <Body>
    <CitiesReturned>760</CitiesReturned>
    <Countries>
      <Country>
        <CountryCode>GB</CountryCode>
        <Cities>
          <City>
            <CityId>129552</CityId>
            <CityName>Aberdeen</CityName>
            <StateCode>AL</StateCode>
          </City>
          <City>
            <CityId>957079</CityId>
            <CityName>Aberfeldy</CityName>
            <StateCode>AL</StateCode>            
          </City>
        </Cities>
      </Country>
      <Country>
        <CountryCode>US</CountryCode>
        <Cities>
          <City>
            <CityId>986798</CityId>
            <CityName>Abbeville</CityName>
            <StateCode>AL</StateCode>
          </City>
        </Cities>
      </Country>
    </Countries>
  </Body>
</Response>
