﻿<?xml version="1.0" encoding="utf-8" ?>
<Response>
  <Head>
    <ServerTime>2013-12-01T14:00:00</ServerTime>
    <ResponseType>GetCountries</ResponseType>
  </Head>
  <Body>
    <CountriesReturned>249</CountriesReturned>
    <Countries>
      <Country>
        <CountryCode>AF</CountryCode>
        <CountryName>Afghanistan</CountryName>
      </Country>
      <Country>
        <CountryCode>AX</CountryCode>
        <CountryName>Åland Islands</CountryName>
      </Country>
      <Country>
        <CountryCode>AL</CountryCode>
        <CountryName>Albania</CountryName>
      </Country>
      <Country>
        <CountryCode>DZ</CountryCode>
        <CountryName>Algeria</CountryName>
      </Country>
    </Countries>
  </Body>
</Response>
