﻿<?xml version="1.0" encoding="utf-8" ?>
<Response>
  <Head>
    <ServerTime>2013-12-01T14:00:00</ServerTime>
    <ResponseType>GetHotels</ResponseType>
  </Head>
  <Body>
    <HotelsReturned>925</HotelsReturned>
    <Hotels>
      <Hotel>
        <HotelId>1000452</HotelId>
        <CityId>117976</CityId>
        <HotelName>The Goring</HotelName>
      </Hotel>
      <Hotel>
        <HotelId>1003381</HotelId>
        <CityId>117976</CityId>
        <HotelName>Mayflower Hotel &amp; Apartments</HotelName>
      </Hotel>
    </Hotels>
  </Body>
</Response>