﻿<?xml version="1.0" encoding="utf-8" ?>
<Response>
  <Head>
    <ServerTime>2013-12-01T14:00:00</ServerTime>
    <ResponseType>GetHotelDetails</ResponseType>
  </Head>
  <Body>
    <HotelsReturned>500</HotelsReturned>
    <Hotels>
      <Hotel>
        <HotelId>1009075</HotelId>
        <CityId>117976</CityId>
        <HotelName>Rocco Forte Brown's</HotelName>
        <StarRating>5.092892</StarRating>
        <Latitude>51.50809</Latitude>
        <Longitude>-0.14116</Longitude>
        <Address>ALBEMARLE STREET W1S 4BP LONDON</Address>
        <Location>Green Park</Location>
        <PhoneNumber>ABC0080076666667</PhoneNumber>
        <Description> This outstanding and award-winning hotel is situated in an idyllic location in the upmarket London borough of Mayfair, just a stone's throw from Piccadilly Circus and the elegant shopping of Bond Street and Regent Street. Numerous restaurants, bars, pubs, cafés, the West End theatre district and worldfamous attractions such as Buckingham Palace or Hyde Park are within just a short stroll.     </Description>
        <Facilities>
          <Facility>
            <FacilityType>Hotel Facilities</FacilityType>
            <FacilityName>Air-conditioned in common areas</FacilityName>
          </Facility>
          <Facility>
            <FacilityType>Hotel Facilities</FacilityType>
            <FacilityName>Reception area</FacilityName>
          </Facility>
          <Facility>
            <FacilityType>Room Facilities</FacilityType>
            <FacilityName>Satellite / cable TV</FacilityName>
          </Facility>
        </Facilities>
        <Images>
          <Image> http://online.travellanda.com/photo/hotel/bf00b3d32a61153a/4f/4f8645de3dfe41ff/01-b.jpg </Image>
          <Image> http://online.travellanda.com/photo/hotel/bf00b3d32a61153a/4f/4f8645de3dfe41ff/02-b.jpg </Image>
        </Images>
      </Hotel>
      <Hotel>
        <HotelId>1009075</HotelId>
        <CityId>117976</CityId>
        <HotelName>Rocco Forte Brown's</HotelName>
        <StarRating>5</StarRating>
        <Latitude>51.50809</Latitude>
        <Longitude>-0.14116</Longitude>
        <Address>ALBEMARLE STREET W1S 4BP LONDON</Address>
        <Location>Green Park</Location>
        <PhoneNumber>00-(800)76666667</PhoneNumber>
        <Description> This outstanding and award-winning hotel is situated in an idyllic location in the upmarket London borough of Mayfair, just a stone's throw from Piccadilly Circus and the elegant shopping of Bond Street and Regent Street. Numerous restaurants, bars, pubs, cafés, the West End theatre district and worldfamous attractions such as Buckingham Palace or Hyde Park are within just a short stroll.     </Description>
        <Facilities>
          <Facility>
            <FacilityType>Hotel Facilities</FacilityType>
            <FacilityName>Air-conditioned in common areas</FacilityName>
          </Facility>
          <Facility>
            <FacilityType>Hotel Facilities</FacilityType>
            <FacilityName>Reception area</FacilityName>
          </Facility>
          <Facility>
            <FacilityType>Room Facilities</FacilityType>
            <FacilityName>Satellite / cable TV</FacilityName>
          </Facility>
        </Facilities>
        <Images>
          <Image> http://online.travellanda.com/photo/hotel/bf00b3d32a61153a/4f/4f8645de3dfe41ff/01-b.jpg </Image>
          <Image> http://online.travellanda.com/photo/hotel/bf00b3d32a61153a/4f/4f8645de3dfe41ff/02-b.jpg </Image>
        </Images>
      </Hotel>
    </Hotels>
  </Body>
</Response>