﻿<?xml version="1.0" encoding="utf-8" ?>
<Response>
  <Head>
    <ServerTime>2013-12-01T14:00:00</ServerTime>
	<ServerType>Test</ServerType>
    <ResponseType>HotelBookingDetails</ResponseType>
	<ExecutionTime>0.003</ExecutionTime>  
  </Head>
  <Body>
    <BookingsFound>734</BookingsFound>
    <BookingsReturned>500</BookingsReturned>
    <Bookings>
      <HotelBooking>
        <BookingReference>TL12345678</BookingReference>
        <BookingStatus>Confirmed</BookingStatus>
        <PaymentStatus>Unpaid</PaymentStatus>
        <BookingTime>2013-12-01T14:00:00</BookingTime>
        <YourReference>XMLTEST</YourReference>
        <Currency>GBP</Currency>
        <TotalPrice>612.87</TotalPrice>
        <HotelId>1180324</HotelId>
        <HotelName>Pullman London St Pancras</HotelName>
        <City>London, United Kingdom</City>
        <CheckInDate>2013-12-18</CheckInDate>
        <CheckOutDate>2013-12-20</CheckOutDate>
        <LeaderName>First Name 1 Last Name 1</LeaderName>
        <Nationality>FR</Nationality>
        <BoardType>Full Breakfast</BoardType>
        <CancellationDeadline>2013-12-13</CancellationDeadline>
        <Rooms>
          <Room>
            <RoomName>Superior Room</RoomName>
            <NumAdults>2</NumAdults>
            <NumChildren>1</NumChildren>
          </Room>
          <Room>
            <RoomName>Superior Room</RoomName>
            <NumAdults>2</NumAdults>
            <NumChildren>0</NumChildren>
          </Room>
        </Rooms>
        <Policies>
          <Policy>
            <From>2013-12-14</From>
            <Type>Amount</Type>
            <Value>343.97</Value>
          </Policy>
          <Policy>
            <From>2013-12-18</From>
            <Type>Percentage</Type>
            <Value>100</Value>
          </Policy>
        </Policies>
        <Restrictions>
          <Restriction>Name change</Restriction>
          <Restriction>Name change</Restriction>
        </Restrictions>
        <Alerts>
          <Alert>City tax applies, to be paid directly to the hotel upon check-in.</Alert>
          <Alert>City tax applies, to be paid directly to the hotel upon check-in.</Alert>
        </Alerts>
      </HotelBooking>
      <HotelBooking>
        <BookingReference>TL12345678</BookingReference>
        <BookingStatus>Confirmed</BookingStatus>
        <PaymentStatus>Unpaid</PaymentStatus>
        <BookingTime>2013-12-01T14:00:00</BookingTime>
        <YourReference>XMLTEST</YourReference>
        <Currency>GBP</Currency>
        <TotalPrice>612.87</TotalPrice>
        <HotelId>1180324</HotelId>
        <HotelName>Pullman London St Pancras</HotelName>
        <City>London, United Kingdom</City>
        <CheckInDate>2013-12-18</CheckInDate>
        <CheckOutDate>2013-12-20</CheckOutDate>
        <LeaderName>First Name 1 Last Name 1</LeaderName>
        <Nationality>FR</Nationality>
        <BoardType>Full Breakfast</BoardType>
        <CancellationDeadline>2013-12-13</CancellationDeadline>
        <Rooms>
          <Room>
            <RoomName>Superior Room</RoomName>
            <NumAdults>2</NumAdults>
            <NumChildren>1</NumChildren>
          </Room>
          <Room>
            <RoomName>Superior Room</RoomName>
            <NumAdults>2</NumAdults>
            <NumChildren>0</NumChildren>
          </Room>
        </Rooms>
        <Policies>
          <Policy>
            <From>2013-12-14</From>
            <Type>Amount</Type>
            <Value>343.97</Value>
          </Policy>
          <Policy>
            <From>2013-12-18</From>
            <Type>Percentage</Type>
            <Value>100</Value>
          </Policy>
        </Policies>
        <Restrictions>
          <Restriction>Name change</Restriction>
          <Restriction>Name change</Restriction>
        </Restrictions>
        <Alerts>
          <Alert>City tax applies, to be paid directly to the hotel upon check-in.</Alert>
          <Alert>City tax applies, to be paid directly to the hotel upon check-in.</Alert>
        </Alerts>
      </HotelBooking>
    </Bookings>
  </Body>
</Response>