﻿<?xml version="1.0" encoding="utf-8" ?>
<Response>
  <Head>
    <ServerTime>2013-12-01T14:00:00</ServerTime>
	<ServerType>Test</ServerType>
    <ResponseType>HotelBooking</ResponseType>
	<ExecutionTime>0.003</ExecutionTime>  
  </Head>
  <Body>
    <HotelBooking>
      <BookingReference>TL12345678</BookingReference>
      <BookingStatus>Confirmed</BookingStatus>
      <YourReference>XMLTEST</YourReference>
      <Currency>GBP</Currency>
      <TotalPrice>612.87</TotalPrice>
    </HotelBooking>
  </Body>
</Response>