﻿<?xml version="1.0" encoding="utf-8" ?>
<Response>
  <Head>
    <ServerTime>2013-12-01T14:00:00</ServerTime>
	<ServerType>Test</ServerType>
    <ResponseType>HotelPolicies</ResponseType>
	<ExecutionTime>0.003</ExecutionTime>  
  </Head>
  <Body>
    <OptionId>1453081951</OptionId>
    <Currency>GBP</Currency>
    <TotalPrice>612.87</TotalPrice>
    <CancellationDeadline>2013-12-13</CancellationDeadline>
    <Policies>
      <Policy>
        <From>2013-12-14</From>
        <Type>Amount</Type>
        <Value>343.97</Value>
      </Policy>
      <Policy>
        <From>2013-12-18</From>
        <Type>Percentage</Type>
        <Value>100</Value>
      </Policy>
    </Policies>
    <Restrictions>
      <Restriction>Name change 1</Restriction>
      <Restriction>Name change 2</Restriction>
    </Restrictions>
    <Alerts>
      <Alert>City tax applies, to be paid directly to the hotel upon check-in.</Alert>
      <Alert>test alert.</Alert>
    </Alerts>
  </Body>
</Response>
