﻿<?xml version="1.0" encoding="utf-8" ?>
<Response>
  <Head>
    <ServerTime>2013-12-01T14:00:00</ServerTime>
    <ResponseType>HotelSearch</ResponseType>
  </Head>
  <Body>
    <CityIds>
      <CityId>117976</CityId>
      <CityId>117976</CityId>
    </CityIds>
    <CheckInDate>2013-12-18</CheckInDate>
    <CheckOutDate>2013-12-20</CheckOutDate>
    <Nationality>FR</Nationality>
    <Currency>GBP</Currency>
    <HotelsReturned>250</HotelsReturned>
    <HotelIds>
      <HotelId>1180324</HotelId>
      <HotelId>1180325</HotelId>
    </HotelIds>
    <Hotels>
      <Hotel>
        <HotelId>1180324</HotelId>
        <HotelName>Pullman London St Pancras</HotelName>
        <StarRating>3.50</StarRating>
        <Options>
          <Option>
            <OptionId>1453081951</OptionId>
            <OnRequest>0</OnRequest>
            <BoardType>Full Breakfast</BoardType>
            <TotalPrice>612.87</TotalPrice>
            <DiscountApplied>75.09</DiscountApplied>
            <DealName>Minimum Night Discount Offer</DealName>
            <Rooms>
              <Room>
                <RoomId>991098066-0</RoomId>
                <RoomName>Superior Room</RoomName>
                <NumAdults>2</NumAdults>
                <NumChildren>0</NumChildren>
                <RoomPrice>343.98</RoomPrice>
                <DailyPrices>
                  <DailyPrice>171.99</DailyPrice>
                  <DailyPrice>171.99</DailyPrice>
                </DailyPrices>
              </Room>
              <Room>
                <RoomId>1953705460-0</RoomId>
                <RoomName>Superior Room</RoomName>
                <NumAdults>2</NumAdults>
                <NumChildren>1</NumChildren>
                <RoomPrice>343.98</RoomPrice>
                <DailyPrices>
                  <DailyPrice>171.99</DailyPrice>
                  <DailyPrice>171.99</DailyPrice>
                </DailyPrices>
              </Room>
            </Rooms>
          </Option>
          <Option>
            <OptionId>1453ABC081952</OptionId>
            <OnRequest>0</OnRequest>
            <BoardType>Full Breakfast</BoardType>
            <TotalPrice>612.87</TotalPrice>
            <DiscountApplied>75.09</DiscountApplied>
            <DealName>Minimum Night Discount Offer</DealName>
            <Rooms>
              <Room>
                <RoomId>991098066-0</RoomId>
                <RoomName>Superior Room</RoomName>
                <NumAdults>2</NumAdults>
                <NumChildren>0</NumChildren>
                <RoomPrice>343.98</RoomPrice>
                <DailyPrices>
                  <DailyPrice>171.99</DailyPrice>
                  <DailyPrice>171.99</DailyPrice>
                </DailyPrices>
              </Room>
              <Room>
                <RoomId>1953705460-0</RoomId>
                <RoomName>Superior Room</RoomName>
                <NumAdults>2</NumAdults>
                <NumChildren>1</NumChildren>
                <RoomPrice>343.98</RoomPrice>
                <DailyPrices>
                  <DailyPrice>171.99</DailyPrice>
                  <DailyPrice>171.99</DailyPrice>
                </DailyPrices>
              </Room>
            </Rooms>
          </Option>
        </Options>
      </Hotel>
      <Hotel>
        <HotelId>1180325</HotelId>
        <HotelName>Pullman London St Pancras</HotelName>
        <StarRating>4.5</StarRating>
        <Options>
          <Option>
            <OptionId>1ABC453081951</OptionId>
            <OnRequest>0</OnRequest>
            <BoardType>Full Breakfast</BoardType>
            <TotalPrice>612.87</TotalPrice>
            <DiscountApplied>75.09</DiscountApplied>
            <DealName>Minimum Night Discount Offer</DealName>
            <Rooms>
              <Room>
                <RoomId>991098066-0</RoomId>
                <RoomName>Superior Room</RoomName>
                <NumAdults>2</NumAdults>
                <NumChildren>0</NumChildren>
                <RoomPrice>343.98</RoomPrice>
                <DailyPrices>
                  <DailyPrice>171.99</DailyPrice>
                  <DailyPrice>171.99</DailyPrice>
                </DailyPrices>
              </Room>
              <Room>
                <RoomId>1953705460-0</RoomId>
                <RoomName>Superior Room</RoomName>
                <NumAdults>2</NumAdults>
                <NumChildren>1</NumChildren>
                <RoomPrice>343.98</RoomPrice>
                <DailyPrices>
                  <DailyPrice>171.99</DailyPrice>
                  <DailyPrice>171.99</DailyPrice>
                </DailyPrices>
              </Room>
            </Rooms>
          </Option>
          <Option>
            <OptionId>1453081952</OptionId>
            <OnRequest>0</OnRequest>
            <BoardType>Full Breakfast</BoardType>
            <TotalPrice>612.87</TotalPrice>
            <DiscountApplied>75.09</DiscountApplied>
            <DealName>Minimum Night Discount Offer</DealName>
            <Rooms>
              <Room>
                <RoomId>991098066-0</RoomId>
                <RoomName>Superior Room</RoomName>
                <NumAdults>2</NumAdults>
                <NumChildren>0</NumChildren>
                <RoomPrice>343.98</RoomPrice>
                <DailyPrices>
                  <DailyPrice>171.99</DailyPrice>
                  <DailyPrice>171.99</DailyPrice>
                </DailyPrices>
              </Room>
              <Room>
                <RoomId>1953705460-0</RoomId>
                <RoomName>Superior Room</RoomName>
                <NumAdults>2</NumAdults>
                <NumChildren>1</NumChildren>
                <RoomPrice>343.98</RoomPrice>
                <DailyPrices>
                  <DailyPrice>171.99</DailyPrice>
                  <DailyPrice>171.99</DailyPrice>
                </DailyPrices>
              </Room>
            </Rooms>
          </Option>
        </Options>
      </Hotel>
    </Hotels>
  </Body>
</Response>